{
  "feature": "minecraft:jungle_bush",
  "placement": [
    {
      "type": "minecraft:noise_based_count",
      "noise_to_count_ratio": 6,
      "noise_factor": 60,
      "noise_offset": 0.75
    },
    {
      "type": "minecraft:in_square"
    },
    {
      "type": "minecraft:surface_water_depth_filter",
      "max_water_depth": 0
    },
    {
      "type": "minecraft:heightmap",
      "heightmap": "OCEAN_FLOOR"
    },
    {
      "type": "block_predicate_filter",
      "predicate": {
        "type": "matching_block_tag",
        "tag": "clifftree:true_dirt",
        "offset": [
          0,
          -1,
          0
        ]
      }
    },
    {
      "type": "minecraft:biome"
    }
  ]
}
