{
  "type": "minecraft:tree",
  "config": {
    "decorators": [
      {
        "type": "minecraft:place_on_ground",
        "block_state_provider": {
          "type": "minecraft:weighted_state_provider",
          "entries": [
            {
              "data": {
                "Name": "minecraft:leaf_litter",
                "Properties": {
                  "facing": "north",
                  "segment_amount": "3"
                }
              },
              "weight": 1
            },
            {
              "data": {
                "Name": "minecraft:leaf_litter",
                "Properties": {
                  "facing": "east",
                  "segment_amount": "3"
                }
              },
              "weight": 1
            },
            {
              "data": {
                "Name": "minecraft:leaf_litter",
                "Properties": {
                  "facing": "south",
                  "segment_amount": "3"
                }
              },
              "weight": 1
            },
            {
              "data": {
                "Name": "minecraft:leaf_litter",
                "Properties": {
                  "facing": "west",
                  "segment_amount": "3"
                }
              },
              "weight": 1
            },
            {
              "data": {
                "Name": "minecraft:leaf_litter",
                "Properties": {
                  "facing": "north",
                  "segment_amount": "4"
                }
              },
              "weight": 1
            },
            {
              "data": {
                "Name": "minecraft:leaf_litter",
                "Properties": {
                  "facing": "east",
                  "segment_amount": "4"
                }
              },
              "weight": 1
            },
            {
              "data": {
                "Name": "minecraft:leaf_litter",
                "Properties": {
                  "facing": "south",
                  "segment_amount": "4"
                }
              },
              "weight": 1
            },
            {
              "data": {
                "Name": "minecraft:leaf_litter",
                "Properties": {
                  "facing": "west",
                  "segment_amount": "4"
                }
              },
              "weight": 1
            }
          ]
        },
        "height": 2,
        "radius": 2,
        "tries": 128
      },
{
        "type": "minecraft:place_on_ground",
        "block_state_provider": {
          "type": "minecraft:weighted_state_provider",
          "entries": [
            {
              "data": {
                "Name": "minecraft:leaf_litter",
                "Properties": {
                  "facing": "north",
                  "segment_amount": "1"
                }
              },
              "weight": 1
            },
            {
              "data": {
                "Name": "minecraft:leaf_litter",
                "Properties": {
                  "facing": "east",
                  "segment_amount": "1"
                }
              },
              "weight": 1
            },
            {
              "data": {
                "Name": "minecraft:leaf_litter",
                "Properties": {
                  "facing": "south",
                  "segment_amount": "1"
                }
              },
              "weight": 1
            },
            {
              "data": {
                "Name": "minecraft:leaf_litter",
                "Properties": {
                  "facing": "west",
                  "segment_amount": "1"
                }
              },
              "weight": 1
            },
            {
              "data": {
                "Name": "minecraft:leaf_litter",
                "Properties": {
                  "facing": "north",
                  "segment_amount": "2"
                }
              },
              "weight": 1
            },
            {
              "data": {
                "Name": "minecraft:leaf_litter",
                "Properties": {
                  "facing": "east",
                  "segment_amount": "2"
                }
              },
              "weight": 1
            },
            {
              "data": {
                "Name": "minecraft:leaf_litter",
                "Properties": {
                  "facing": "south",
                  "segment_amount": "2"
                }
              },
              "weight": 1
            },
            {
              "data": {
                "Name": "minecraft:leaf_litter",
                "Properties": {
                  "facing": "west",
                  "segment_amount": "2"
                }
              },
              "weight": 1
            }
          ]
        },
        "height": 2,
        "radius": 4,
        "tries": 64
      }
    ],
    "dirt_provider": {
      "type": "minecraft:simple_state_provider",
      "state": {
        "Name": "minecraft:dirt"
      }
    },
    "foliage_placer": {
      "type": "minecraft:cherry_foliage_placer",
      "radius": 3,
      "offset": 0,
      "height": 5,
      "wide_bottom_layer_hole_chance": 0,
      "corner_hole_chance": 0.9,
      "hanging_leaves_chance": 0,
      "hanging_leaves_extension_chance": 0
    },
    "foliage_provider": {
      "type": "minecraft:simple_state_provider",
      "state": {
        "Name": "minecraft:birch_leaves",
        "Properties": {
          "distance": "7",
          "persistent": "false",
          "waterlogged": "false"
        }
      }
    },
    "force_dirt": false,
    "ignore_vines": true,
    "minimum_size": {
      "type": "minecraft:two_layers_feature_size",
      "limit": 1,
      "lower_size": 0,
      "upper_size": 1
    },
    "trunk_placer": {
      "type": "minecraft:straight_trunk_placer",
      "base_height": 5,
      "height_rand_a": 1,
      "height_rand_b": 0
    },
    "trunk_provider": {
      "type": "minecraft:simple_state_provider",
      "state": {
        "Name": "minecraft:birch_log",
        "Properties": {
          "axis": "y"
        }
      }
    }
  }
}