{
  "type": "minecraft:simple_random_selector",
  "config": {
    "features": [
      {
        "feature": {
          "type": "minecraft:tree",
          "config": {
            "ignore_vines": true,
            "force_dirt": false,
            "minimum_size": {
              "type": "minecraft:three_layers_feature_size",
              "limit": 1,
              "upper_limit": 1,
              "lower_size": 0,
              "middle_size": 1,
              "upper_size": 2
            },
            "dirt_provider": {
              "type": "minecraft:simple_state_provider",
              "state": {
                "Name": "minecraft:dirt"
              }
            },
            "trunk_provider": {
              "type": "minecraft:simple_state_provider",
              "state": {
                "Name": "minecraft:dark_oak_log",
                "Properties": {
                  "axis": "y"
                }
              }
            },
            "foliage_provider": {
              "type": "minecraft:simple_state_provider",
              "state": {
                "Name": "minecraft:dark_oak_leaves",
                "Properties": {
                  "distance": "7",
                  "persistent": "false",
                  "waterlogged": "false"
                }
              }
            },
            "trunk_placer": {
              "type": "minecraft:dark_oak_trunk_placer",
              "base_height": 6,
              "height_rand_a": 2,
              "height_rand_b": 1
            },
            "foliage_placer": {
              "type": "minecraft:dark_oak_foliage_placer",
              "radius": 0,
              "offset": 0
            },
            "decorators": [
              {
                "type": "minecraft:place_on_ground",
                "block_state_provider": {
                  "type": "minecraft:weighted_state_provider",
                  "entries": [
                    {
                      "data": {
                        "Name": "minecraft:leaf_litter",
                        "Properties": {
                          "facing": "north",
                          "segment_amount": "3"
                        }
                      },
                      "weight": 1
                    },
                    {
                      "data": {
                        "Name": "minecraft:leaf_litter",
                        "Properties": {
                          "facing": "east",
                          "segment_amount": "3"
                        }
                      },
                      "weight": 1
                    },
                    {
                      "data": {
                        "Name": "minecraft:leaf_litter",
                        "Properties": {
                          "facing": "south",
                          "segment_amount": "3"
                        }
                      },
                      "weight": 1
                    },
                    {
                      "data": {
                        "Name": "minecraft:leaf_litter",
                        "Properties": {
                          "facing": "west",
                          "segment_amount": "3"
                        }
                      },
                      "weight": 1
                    },
                    {
                      "data": {
                        "Name": "minecraft:leaf_litter",
                        "Properties": {
                          "facing": "north",
                          "segment_amount": "4"
                        }
                      },
                      "weight": 1
                    },
                    {
                      "data": {
                        "Name": "minecraft:leaf_litter",
                        "Properties": {
                          "facing": "east",
                          "segment_amount": "4"
                        }
                      },
                      "weight": 1
                    },
                    {
                      "data": {
                        "Name": "minecraft:leaf_litter",
                        "Properties": {
                          "facing": "south",
                          "segment_amount": "4"
                        }
                      },
                      "weight": 1
                    },
                    {
                      "data": {
                        "Name": "minecraft:leaf_litter",
                        "Properties": {
                          "facing": "west",
                          "segment_amount": "4"
                        }
                      },
                      "weight": 1
                    }
                  ]
                },
                "height": 2,
                "radius": 2,
                "tries": 96
              },
              {
                "type": "minecraft:place_on_ground",
                "block_state_provider": {
                  "type": "minecraft:weighted_state_provider",
                  "entries": [
                    {
                      "data": {
                        "Name": "minecraft:leaf_litter",
                        "Properties": {
                          "facing": "north",
                          "segment_amount": "1"
                        }
                      },
                      "weight": 1
                    },
                    {
                      "data": {
                        "Name": "minecraft:leaf_litter",
                        "Properties": {
                          "facing": "east",
                          "segment_amount": "1"
                        }
                      },
                      "weight": 1
                    },
                    {
                      "data": {
                        "Name": "minecraft:leaf_litter",
                        "Properties": {
                          "facing": "south",
                          "segment_amount": "1"
                        }
                      },
                      "weight": 1
                    },
                    {
                      "data": {
                        "Name": "minecraft:leaf_litter",
                        "Properties": {
                          "facing": "west",
                          "segment_amount": "1"
                        }
                      },
                      "weight": 1
                    },
                    {
                      "data": {
                        "Name": "minecraft:leaf_litter",
                        "Properties": {
                          "facing": "north",
                          "segment_amount": "2"
                        }
                      },
                      "weight": 1
                    },
                    {
                      "data": {
                        "Name": "minecraft:leaf_litter",
                        "Properties": {
                          "facing": "east",
                          "segment_amount": "2"
                        }
                      },
                      "weight": 1
                    },
                    {
                      "data": {
                        "Name": "minecraft:leaf_litter",
                        "Properties": {
                          "facing": "south",
                          "segment_amount": "2"
                        }
                      },
                      "weight": 1
                    },
                    {
                      "data": {
                        "Name": "minecraft:leaf_litter",
                        "Properties": {
                          "facing": "west",
                          "segment_amount": "2"
                        }
                      },
                      "weight": 1
                    }
                  ]
                },
                "height": 2,
                "radius": 4,
                "tries": 64
              }
            ]
          }
        },
        "placement": [
          {
            "type": "minecraft:block_predicate_filter",
            "predicate": {
              "type": "minecraft:not",
              "predicate": {
                "type": "minecraft:matching_block_tag",
                "offset": [
                  0,
                  -1,
                  0
                ],
                "tag": "clifftree:sapling_cannot_grow"
              }
            }
          }
        ]
      }
    ]
  }
}
