{
  "type": "minecraft:random_selector",
  "config": {
    "default": "minecraft:oak_leaf_litter",
    "features": [
      {
        "chance": 0.025,
        "feature": {
          "feature": "minecraft:huge_brown_mushroom",
          "placement": []
        }
      },
      {
        "chance": 0.05,
        "feature": {
          "feature": "minecraft:huge_red_mushroom",
          "placement": []
        }
      },
      {
        "chance": 0.8,
        "feature": "minecraft:dark_oak_leaf_litter"
      },
      {
        "chance": 0.1,
        "feature": "minecraft:birch_leaf_litter"
      }
    ]
  }
}