{
  "type": "minecraft:random_patch",
  "config": {
    "feature": {
      "feature": {
        "type": "minecraft:simple_block",
        "config": {
          "to_place": {
            "type": "minecraft:simple_state_provider",
            "state": {
              "Name": "minecraft:firefly_bush"
            }
          }
        }
      },
      "placement": [
        {
          "type": "minecraft:block_predicate_filter",
          "predicate": {
            "type": "minecraft:all_of",
            "predicates": [
              {
                "type": "minecraft:matching_blocks",
                "blocks": "minecraft:air"
              },
              {
                "type": "minecraft:would_survive",
                "state": {
                  "Name": "minecraft:sugar_cane",
                  "Properties": {
                    "age": "0"
                  }
                }
              },
              {
                "type": "minecraft:any_of",
                "predicates": [
                  {
                    "type": "minecraft:matching_fluids",
                    "fluids": [
                      "minecraft:water",
                      "minecraft:flowing_water"
                    ],
                    "offset": [
                      1,
                      -1,
                      0
                    ]
                  },
                  {
                    "type": "minecraft:matching_fluids",
                    "fluids": [
                      "minecraft:water",
                      "minecraft:flowing_water"
                    ],
                    "offset": [
                      -1,
                      -1,
                      0
                    ]
                  },
                  {
                    "type": "minecraft:matching_fluids",
                    "fluids": [
                      "minecraft:water",
                      "minecraft:flowing_water"
                    ],
                    "offset": [
                      0,
                      -1,
                      1
                    ]
                  },
                  {
                    "type": "minecraft:matching_fluids",
                    "fluids": [
                      "minecraft:water",
                      "minecraft:flowing_water"
                    ],
                    "offset": [
                      0,
                      -1,
                      -1
                    ]
                  }
                ]
              }
            ]
          }
        }
      ]
    },
    "tries": 40,
    "xz_spread": 4,
    "y_spread": 0
  }
}